{"cameraMode":{"drawMode":0,"name":"Shaded","section":"Shading Mode"},"sceneLighting":false,"audioPlay":false,"sceneViewState":{"m_AlwaysRefresh":false,"showFog":false,"showSkybox":false,"showFlares":false,"showImageEffects":false,"showParticleSystems":false,"showVisualEffectGraphs":true,"m_FxEnabled":true},"in2DMode":false,"pivot":{"x":-0.264488160610199,"y":1.0855140686035157,"z":0.030198752880096437},"rotation":{"x":-0.017403213307261468,"y":-0.9755150675773621,"z":0.08360482007265091,"w":-0.20273564755916596},"size":0.9451251029968262,"orthographic":true}