{"cameraMode":{"drawMode":0,"name":"Shaded","section":"Shading Mode"},"sceneLighting":false,"audioPlay":false,"sceneViewState":{"m_AlwaysRefresh":false,"showFog":true,"showSkybox":false,"showFlares":true,"showImageEffects":true,"showParticleSystems":true,"showVisualEffectGraphs":true,"m_FxEnabled":true},"in2DMode":false,"pivot":{"x":0.1510000228881836,"y":50.917999267578128,"z":0.568000078201294},"rotation":{"x":0.007322289980947971,"y":0.9856653213500977,"z":-0.16260777413845063,"w":0.0443849079310894},"size":2.516556978225708,"orthographic":true}