{"cameraMode":{"drawMode":0,"name":"Shaded","section":"Shading Mode"},"sceneLighting":false,"audioPlay":false,"sceneViewState":{"m_AlwaysRefresh":false,"showFog":true,"showSkybox":false,"showFlares":true,"showImageEffects":true,"showParticleSystems":true,"showVisualEffectGraphs":true,"m_FxEnabled":true},"in2DMode":false,"pivot":{"x":-0.000724494457244873,"y":0.02088814228773117,"z":0.0663515254855156},"rotation":{"x":0.008055518381297589,"y":0.9854514598846436,"z":-0.04885413497686386,"w":0.16276758909225465},"size":0.35416990518569949,"orthographic":false}