{"cameraMode":{"drawMode":0,"name":"Shaded","section":"Shading Mode"},"sceneLighting":false,"audioPlay":false,"sceneViewState":{"m_AlwaysRefresh":false,"showFog":true,"showSkybox":false,"showFlares":true,"showImageEffects":true,"showParticleSystems":true,"showVisualEffectGraphs":true,"m_FxEnabled":true},"in2DMode":false,"pivot":{"x":0.49870508909225466,"y":51.576026916503909,"z":-1.2596559524536133},"rotation":{"x":0.05563044920563698,"y":-0.8108859062194824,"z":0.07809874415397644,"w":0.5773144364356995},"size":12.80704116821289,"orthographic":false}