{"cameraMode":{"drawMode":0,"name":"Shaded","section":"Shading Mode"},"sceneLighting":false,"audioPlay":false,"sceneViewState":{"m_AlwaysRefresh":false,"showFog":true,"showSkybox":false,"showFlares":true,"showImageEffects":true,"showParticleSystems":true,"showVisualEffectGraphs":true,"m_FxEnabled":true},"in2DMode":false,"pivot":{"x":0.10565871745347977,"y":0.903147280216217,"z":-0.03124312311410904},"rotation":{"x":0.03131125122308731,"y":0.9623687267303467,"z":-0.1263069212436676,"w":0.238569974899292},"size":0.9466167688369751,"orthographic":true}