{"cameraMode":{"drawMode":0,"name":"Shaded","section":"Shading Mode"},"sceneLighting":false,"audioPlay":false,"sceneViewState":{"m_AlwaysRefresh":false,"showFog":true,"showSkybox":false,"showFlares":true,"showImageEffects":true,"showParticleSystems":true,"showVisualEffectGraphs":true,"m_FxEnabled":true},"in2DMode":false,"pivot":{"x":0.16393238306045533,"y":0.32911360263824465,"z":-0.1940501630306244},"rotation":{"x":-0.04571695253252983,"y":0.9003255367279053,"z":-0.09761497378349304,"w":-0.42165812849998476},"size":0.5473522543907166,"orthographic":true}