{"cameraMode":{"drawMode":0,"name":"Shaded","section":"Shading Mode"},"sceneLighting":true,"audioPlay":false,"sceneViewState":{"m_AlwaysRefresh":false,"showFog":true,"showSkybox":false,"showFlares":true,"showImageEffects":true,"showParticleSystems":true,"showVisualEffectGraphs":true,"m_FxEnabled":true},"in2DMode":false,"pivot":{"x":-121.61942291259766,"y":39.215023040771487,"z":-100.76024627685547},"rotation":{"x":0.020084526389837266,"y":-0.9755117297172546,"z":0.10073407739400864,"w":0.19449482858181},"size":1.7845420837402344,"orthographic":false}