{"cameraMode":{"drawMode":0,"name":"Shaded","section":"Shading Mode"},"sceneLighting":false,"audioPlay":false,"sceneViewState":{"m_AlwaysRefresh":false,"showFog":true,"showSkybox":false,"showFlares":true,"showImageEffects":true,"showParticleSystems":true,"showVisualEffectGraphs":true,"m_FxEnabled":true},"in2DMode":false,"pivot":{"x":0.00005733966827392578,"y":50.70624923706055,"z":-0.008992046117782593},"rotation":{"x":-0.004006854258477688,"y":-0.9892727732658386,"z":0.14344792068004609,"w":-0.027614610269665719},"size":1.3698307275772095,"orthographic":true}