{"cameraMode":{"drawMode":0,"name":"Shaded","section":"Shading Mode"},"sceneLighting":false,"audioPlay":false,"sceneViewState":{"m_AlwaysRefresh":false,"showFog":true,"showSkybox":false,"showFlares":true,"showImageEffects":true,"showParticleSystems":true,"showVisualEffectGraphs":true,"m_FxEnabled":true},"in2DMode":false,"pivot":{"x":0.0002999305725097656,"y":1.0694518089294434,"z":0.09883464872837067},"rotation":{"x":0.02606678381562233,"y":0.868449330329895,"z":-0.04590070992708206,"w":0.4929846525192261},"size":1.167445182800293,"orthographic":false}