{"cameraMode":{"drawMode":0,"name":"Shaded","section":"Shading Mode"},"sceneLighting":false,"audioPlay":false,"sceneViewState":{"m_AlwaysRefresh":false,"showFog":true,"showSkybox":false,"showFlares":true,"showImageEffects":true,"showParticleSystems":true,"showVisualEffectGraphs":true,"m_FxEnabled":true},"in2DMode":false,"pivot":{"x":0.00777299702167511,"y":0.02799994871020317,"z":-0.010150372982025147},"rotation":{"x":-0.01691254787147045,"y":0.9629551768302918,"z":-0.2618462145328522,"w":-0.06219688057899475},"size":0.4903748035430908,"orthographic":false}