{"cameraMode":{"drawMode":0,"name":"Shaded","section":"Shading Mode"},"sceneLighting":true,"audioPlay":false,"sceneViewState":{"m_AlwaysRefresh":false,"showFog":true,"showSkybox":false,"showFlares":true,"showImageEffects":true,"showParticleSystems":true,"showVisualEffectGraphs":true,"m_FxEnabled":false},"in2DMode":false,"pivot":{"x":-14.155004501342774,"y":6.978562355041504,"z":11.0410795211792},"rotation":{"x":0.26177847385406496,"y":-0.015086068771779538,"z":0.0040763625875115398,"w":0.9649977684020996},"size":7.2418742179870609,"orthographic":false}