{"cameraMode":{"drawMode":0,"name":"Shaded","section":"Shading Mode"},"sceneLighting":false,"audioPlay":false,"sceneViewState":{"m_AlwaysRefresh":false,"showFog":true,"showSkybox":false,"showFlares":true,"showImageEffects":true,"showParticleSystems":true,"showVisualEffectGraphs":true,"m_FxEnabled":true},"in2DMode":false,"pivot":{"x":-0.0014487355947494507,"y":0.7005939483642578,"z":0.01073513925075531},"rotation":{"x":0.0003867170889861882,"y":-0.9888536930084229,"z":0.0029756841249763967,"w":0.1491607278585434},"size":0.9680811762809753,"orthographic":false}