{"cameraMode":{"drawMode":0,"name":"Shaded","section":"Shading Mode"},"sceneLighting":true,"audioPlay":false,"sceneViewState":{"m_AlwaysRefresh":false,"showFog":true,"showSkybox":false,"showFlares":true,"showImageEffects":true,"showParticleSystems":true,"showVisualEffectGraphs":true,"m_FxEnabled":true},"in2DMode":false,"pivot":{"x":0.8071730136871338,"y":1.9689338207244874,"z":0.18139636516571046},"rotation":{"x":-0.03897292539477348,"y":-0.02967703714966774,"z":-0.0011579574784263969,"w":0.9987999200820923},"size":2.6308600902557375,"orthographic":false}