{"cameraMode":{"drawMode":0,"name":"Shaded","section":"Shading Mode"},"sceneLighting":false,"audioPlay":false,"sceneViewState":{"m_AlwaysRefresh":false,"showFog":true,"showSkybox":false,"showFlares":true,"showImageEffects":true,"showParticleSystems":true,"showVisualEffectGraphs":true,"m_FxEnabled":true},"in2DMode":false,"pivot":{"x":-0.4695603847503662,"y":49.988914489746097,"z":-0.783039927482605},"rotation":{"x":0.01652834378182888,"y":-0.9832327365875244,"z":0.13959237933158875,"w":0.1162681058049202},"size":0.23532313108444215,"orthographic":false}