{"cameraMode":{"drawMode":0,"name":"Shaded","section":"Shading Mode"},"sceneLighting":false,"audioPlay":false,"sceneViewState":{"m_AlwaysRefresh":false,"showFog":true,"showSkybox":false,"showFlares":true,"showImageEffects":true,"showParticleSystems":true,"showVisualEffectGraphs":true,"m_FxEnabled":true},"in2DMode":false,"pivot":{"x":-2.7408876419067385,"y":50.055267333984378,"z":-4.4986724853515629},"rotation":{"x":0.012187724933028221,"y":-0.9857662320137024,"z":0.1462719738483429,"w":0.08211369067430496},"size":1.2149055004119874,"orthographic":false}