{"cameraMode":{"drawMode":0,"name":"Shaded","section":"Shading Mode"},"sceneLighting":false,"audioPlay":false,"sceneViewState":{"m_AlwaysRefresh":false,"showFog":true,"showSkybox":false,"showFlares":true,"showImageEffects":true,"showParticleSystems":true,"showVisualEffectGraphs":true,"m_FxEnabled":true},"in2DMode":false,"pivot":{"x":-350.14288330078127,"y":34.33320617675781,"z":-22.66423988342285},"rotation":{"x":0.032674647867679599,"y":-0.9091821908950806,"z":0.40863463282585146,"w":0.0727047398686409},"size":19.379323959350587,"orthographic":false}