{"cameraMode":{"drawMode":0,"name":"Shaded","section":"Shading Mode"},"sceneLighting":false,"audioPlay":false,"sceneViewState":{"m_AlwaysRefresh":false,"showFog":true,"showSkybox":false,"showFlares":true,"showImageEffects":true,"showParticleSystems":true,"showVisualEffectGraphs":true,"m_FxEnabled":true},"in2DMode":false,"pivot":{"x":0.02061331272125244,"y":0.9547353982925415,"z":0.008780837059020996},"rotation":{"x":-0.2299475520849228,"y":-0.24614101648330689,"z":0.0602300800383091,"w":-0.9396439790725708},"size":1.8723870515823365,"orthographic":false}