{"cameraMode":{"drawMode":0,"name":"Shaded","section":"Shading Mode"},"sceneLighting":false,"audioPlay":false,"sceneViewState":{"m_AlwaysRefresh":false,"showFog":true,"showSkybox":false,"showFlares":true,"showImageEffects":true,"showParticleSystems":true,"showVisualEffectGraphs":true,"m_FxEnabled":true},"in2DMode":false,"pivot":{"x":49.39997100830078,"y":58.095428466796878,"z":-18.090002059936525},"rotation":{"x":0.004222142975777388,"y":-0.9391626715660095,"z":0.34324508905410769,"w":0.011548557318747044},"size":111.40326690673828,"orthographic":false}