{"cameraMode":{"drawMode":0,"name":"Shaded","section":"Shading Mode"},"sceneLighting":false,"audioPlay":false,"sceneViewState":{"m_AlwaysRefresh":false,"showFog":true,"showSkybox":false,"showFlares":true,"showImageEffects":true,"showParticleSystems":true,"showVisualEffectGraphs":true,"m_FxEnabled":true},"in2DMode":false,"pivot":{"x":1.048412799835205,"y":51.220516204833987,"z":-0.17037203907966615},"rotation":{"x":-0.04348806291818619,"y":0.9503596425056458,"z":-0.15531930327415467,"w":-0.2660917639732361},"size":0.5230862498283386,"orthographic":true}