{"cameraMode":{"drawMode":0,"name":"Shaded","section":"Shading Mode"},"sceneLighting":false,"audioPlay":false,"sceneViewState":{"m_AlwaysRefresh":false,"showFog":true,"showSkybox":false,"showFlares":true,"showImageEffects":true,"showParticleSystems":true,"showVisualEffectGraphs":true,"m_FxEnabled":true},"in2DMode":false,"pivot":{"x":0.00001099705696105957,"y":500.0103454589844,"z":0.008332967758178711},"rotation":{"x":-0.13248223066329957,"y":0.8517858386039734,"z":-0.43569493293762209,"w":-0.25901755690574648},"size":0.35985979437828066,"orthographic":false}