{"cameraMode":{"drawMode":0,"name":"Shaded","section":"Shading Mode"},"sceneLighting":false,"audioPlay":false,"sceneViewState":{"m_AlwaysRefresh":false,"showFog":true,"showSkybox":false,"showFlares":true,"showImageEffects":true,"showParticleSystems":true,"showVisualEffectGraphs":true,"m_FxEnabled":true},"in2DMode":false,"pivot":{"x":0.16461631655693055,"y":50.04292678833008,"z":0.02228793501853943},"rotation":{"x":-0.49346208572387698,"y":0.04995836690068245,"z":-0.028078513219952585,"w":-0.86805260181427},"size":0.5665691494941711,"orthographic":false}