{"cameraMode":{"drawMode":0,"name":"Shaded","section":"Shading Mode"},"sceneLighting":false,"audioPlay":false,"sceneViewState":{"m_AlwaysRefresh":false,"showFog":true,"showSkybox":false,"showFlares":true,"showImageEffects":true,"showParticleSystems":true,"showVisualEffectGraphs":true,"m_FxEnabled":true},"in2DMode":false,"pivot":{"x":0.0011227577924728394,"y":50.728424072265628,"z":-0.01819896697998047},"rotation":{"x":-0.004347370006144047,"y":-0.988023579120636,"z":0.028163067996501924,"w":-0.15176159143447877},"size":0.7084149122238159,"orthographic":true}