{"cameraMode":{"drawMode":0,"name":"Shaded","section":"Shading Mode"},"sceneLighting":false,"audioPlay":false,"sceneViewState":{"m_AlwaysRefresh":false,"showFog":true,"showSkybox":false,"showFlares":true,"showImageEffects":true,"showParticleSystems":true,"showVisualEffectGraphs":true,"m_FxEnabled":true},"in2DMode":false,"pivot":{"x":-3.4657812118530275,"y":-0.6461246609687805,"z":0.7625703811645508},"rotation":{"x":0.1625705510377884,"y":0.5341965556144714,"z":-0.10551471263170243,"w":0.8229082822799683},"size":35.845062255859378,"orthographic":false}