{"cameraMode":{"drawMode":0,"name":"Shaded","section":"Shading Mode"},"sceneLighting":false,"audioPlay":false,"sceneViewState":{"m_AlwaysRefresh":false,"showFog":true,"showSkybox":false,"showFlares":true,"showImageEffects":true,"showParticleSystems":true,"showVisualEffectGraphs":true,"m_FxEnabled":true},"in2DMode":false,"pivot":{"x":-0.5135345458984375,"y":79.38617706298828,"z":0.03345631808042526},"rotation":{"x":0.45573145151138308,"y":0.4857890009880066,"z":-0.33132049441337588,"w":0.6682620644569397},"size":41.35271072387695,"orthographic":false}