{"cameraMode":{"drawMode":0,"name":"Shaded","section":"Shading Mode"},"sceneLighting":false,"audioPlay":false,"sceneViewState":{"m_AlwaysRefresh":false,"showFog":true,"showSkybox":false,"showFlares":true,"showImageEffects":true,"showParticleSystems":true,"showVisualEffectGraphs":true,"m_FxEnabled":true},"in2DMode":false,"pivot":{"x":0.01049894094467163,"y":0.8873379826545715,"z":-0.01347324252128601},"rotation":{"x":-0.10078807175159455,"y":-0.5189483165740967,"z":-0.061798181384801868,"w":0.8466230630874634},"size":1.4304567575454713,"orthographic":false}