{"cameraMode":{"drawMode":0,"name":"Shaded","section":"Shading Mode"},"sceneLighting":false,"audioPlay":false,"sceneViewState":{"m_AlwaysRefresh":false,"showFog":true,"showSkybox":false,"showFlares":true,"showImageEffects":true,"showParticleSystems":true,"showVisualEffectGraphs":true,"m_FxEnabled":true},"in2DMode":false,"pivot":{"x":26.194000244140626,"y":7.843440532684326,"z":0.7800006866455078},"rotation":{"x":0.037329163402318957,"y":-0.23315750062465669,"z":0.00895643699914217,"w":0.9716827869415283},"size":12.96509838104248,"orthographic":true}