{"cameraMode":{"drawMode":0,"name":"Shaded","section":"Shading Mode"},"sceneLighting":true,"audioPlay":false,"sceneViewState":{"m_AlwaysRefresh":false,"showFog":true,"showSkybox":false,"showFlares":true,"showImageEffects":true,"showParticleSystems":true,"showVisualEffectGraphs":true,"m_FxEnabled":true},"in2DMode":false,"pivot":{"x":0.03396797180175781,"y":53.074974060058597,"z":-0.8646063804626465},"rotation":{"x":0.019544042646884919,"y":0.9725008606910706,"z":-0.08864660561084748,"w":0.214580237865448},"size":3.663135051727295,"orthographic":false}