{"cameraMode":{"drawMode":0,"name":"Shaded","section":"Shading Mode"},"sceneLighting":false,"audioPlay":false,"sceneViewState":{"m_AlwaysRefresh":false,"showFog":true,"showSkybox":false,"showFlares":true,"showImageEffects":true,"showParticleSystems":true,"showVisualEffectGraphs":true,"m_FxEnabled":true},"in2DMode":false,"pivot":{"x":-0.046263378113508227,"y":0.9483514428138733,"z":-0.11134624481201172},"rotation":{"x":-0.0018038431880995632,"y":-0.9885662198066711,"z":-0.011863376945257187,"w":0.15031535923480988},"size":1.1619551181793213,"orthographic":true}