{"cameraMode":{"drawMode":0,"name":"Shaded","section":"Shading Mode"},"sceneLighting":true,"audioPlay":false,"sceneViewState":{"m_AlwaysRefresh":false,"showFog":true,"showSkybox":false,"showFlares":true,"showImageEffects":true,"showParticleSystems":true,"showVisualEffectGraphs":true,"m_FxEnabled":true},"in2DMode":false,"pivot":{"x":-0.08502703905105591,"y":50.144962310791019,"z":-0.005197346210479736},"rotation":{"x":-0.0028292059432715179,"y":-0.9698793292045593,"z":0.24352066218852998,"w":-0.011054104194045067},"size":0.6639766097068787,"orthographic":false}