{"cameraMode":{"drawMode":0,"name":"Shaded","section":"Shading Mode"},"sceneLighting":true,"audioPlay":false,"sceneViewState":{"m_AlwaysRefresh":false,"showFog":true,"showSkybox":false,"showFlares":true,"showImageEffects":true,"showParticleSystems":true,"showVisualEffectGraphs":true,"m_FxEnabled":true},"in2DMode":false,"pivot":{"x":0.06620585918426514,"y":0.8024556040763855,"z":-0.044769883155822757},"rotation":{"x":-0.18623971939086915,"y":-0.6263127326965332,"z":0.15830859541893006,"w":-0.7404475808143616},"size":1.520616888999939,"orthographic":false}