{"cameraMode":{"drawMode":0,"name":"Shaded","section":"Shading Mode"},"sceneLighting":false,"audioPlay":false,"sceneViewState":{"m_AlwaysRefresh":false,"showFog":true,"showSkybox":false,"showFlares":true,"showImageEffects":true,"showParticleSystems":true,"showVisualEffectGraphs":true,"m_FxEnabled":true},"in2DMode":false,"pivot":{"x":0.05124521255493164,"y":0.5878175497055054,"z":-0.031623393297195438},"rotation":{"x":0.034365616738796237,"y":0.4720332622528076,"z":0.01841876283288002,"w":-0.8807193040847778},"size":0.8378784656524658,"orthographic":false}