{"cameraMode":{"drawMode":0,"name":"Shaded","section":"Shading Mode"},"sceneLighting":false,"audioPlay":false,"sceneViewState":{"m_AlwaysRefresh":false,"showFog":true,"showSkybox":false,"showFlares":true,"showImageEffects":true,"showParticleSystems":true,"showVisualEffectGraphs":true,"m_FxEnabled":true},"in2DMode":false,"pivot":{"x":-0.13742545247077943,"y":-0.48083263635635378,"z":0.4888610541820526},"rotation":{"x":0.03435760363936424,"y":0.632436990737915,"z":-0.028097517788410188,"w":0.7733404636383057},"size":2.009688138961792,"orthographic":false}