{"cameraMode":{"drawMode":0,"name":"Shaded","section":"Shading Mode"},"sceneLighting":false,"audioPlay":false,"sceneViewState":{"m_AlwaysRefresh":false,"showFog":true,"showSkybox":false,"showFlares":true,"showImageEffects":true,"showParticleSystems":true,"showVisualEffectGraphs":true,"m_FxEnabled":true},"in2DMode":false,"pivot":{"x":-0.013849973678588868,"y":55.10655212402344,"z":0.07110261917114258},"rotation":{"x":-0.09858977049589157,"y":-0.466567724943161,"z":0.05243667587637901,"w":-0.8774252533912659},"size":5.487855911254883,"orthographic":false}