{"cameraMode":{"drawMode":0,"name":"Shaded","section":"Shading Mode"},"sceneLighting":false,"audioPlay":false,"sceneViewState":{"m_AlwaysRefresh":false,"showFog":true,"showSkybox":false,"showFlares":true,"showImageEffects":true,"showParticleSystems":true,"showVisualEffectGraphs":true,"m_FxEnabled":true},"in2DMode":false,"pivot":{"x":0.026821374893188478,"y":0.6517782807350159,"z":0.524559497833252},"rotation":{"x":0.007326493971049786,"y":0.21491239964962007,"z":-0.0016085070092231036,"w":0.9766362905502319},"size":2.25471830368042,"orthographic":false}