{"cameraMode":{"drawMode":0,"name":"Shaded","section":"Shading Mode"},"sceneLighting":false,"audioPlay":false,"sceneViewState":{"m_AlwaysRefresh":false,"showFog":true,"showSkybox":false,"showFlares":true,"showImageEffects":true,"showParticleSystems":true,"showVisualEffectGraphs":true,"m_FxEnabled":true},"in2DMode":false,"pivot":{"x":-0.0000457763671875,"y":0.704876184463501,"z":-0.023744523525238038},"rotation":{"x":0.031063692644238473,"y":-0.9683481454849243,"z":0.15707790851593018,"w":0.19155260920524598},"size":1.104122281074524,"orthographic":false}