{"cameraMode":{"drawMode":0,"name":"Shaded","section":"Shading Mode"},"sceneLighting":true,"audioPlay":false,"sceneViewState":{"m_AlwaysRefresh":false,"showFog":true,"showSkybox":false,"showFlares":true,"showImageEffects":true,"showParticleSystems":true,"showVisualEffectGraphs":true,"m_FxEnabled":true},"in2DMode":false,"pivot":{"x":0.5552306771278381,"y":3.055152177810669,"z":-0.21374377608299256},"rotation":{"x":-0.0012123937485739589,"y":0.9147847890853882,"z":-0.00274398410692811,"w":-0.40393444895744326},"size":5.126490592956543,"orthographic":true}