{"cameraMode":{"drawMode":0,"name":"Shaded","section":"Shading Mode"},"sceneLighting":true,"audioPlay":false,"sceneViewState":{"m_AlwaysRefresh":false,"showFog":true,"showSkybox":false,"showFlares":true,"showImageEffects":true,"showParticleSystems":true,"showVisualEffectGraphs":true,"m_FxEnabled":true},"in2DMode":false,"pivot":{"x":-0.05399999022483826,"y":1.1433532238006592,"z":-0.006999999284744263},"rotation":{"x":-0.003832058049738407,"y":0.39543604850769045,"z":0.0016920139314606786,"w":0.9186068773269653},"size":1.7874021530151368,"orthographic":false}