{"cameraMode":{"drawMode":0,"name":"Shaded","section":"Shading Mode"},"sceneLighting":false,"audioPlay":false,"sceneViewState":{"m_AlwaysRefresh":false,"showFog":true,"showSkybox":false,"showFlares":true,"showImageEffects":true,"showParticleSystems":true,"showVisualEffectGraphs":true,"m_FxEnabled":true},"in2DMode":false,"pivot":{"x":-0.0000457763671875,"y":50.70487594604492,"z":0.07529851794242859},"rotation":{"x":0.018408356234431268,"y":-0.9792402386665344,"z":0.1730346828699112,"w":0.10411472618579865},"size":1.7046492099761963,"orthographic":false}