{"cameraMode":{"drawMode":0,"name":"Shaded","section":"Shading Mode"},"sceneLighting":false,"audioPlay":false,"sceneViewState":{"m_AlwaysRefresh":false,"showFog":true,"showSkybox":false,"showFlares":true,"showImageEffects":true,"showParticleSystems":true,"showVisualEffectGraphs":true,"m_FxEnabled":true},"in2DMode":false,"pivot":{"x":-0.41425222158432009,"y":0.26405391097068789,"z":0.12290287017822266},"rotation":{"x":-0.054285869002342227,"y":-0.8205569386482239,"z":0.07900241017341614,"w":-0.5635255575180054},"size":1.6386847496032715,"orthographic":false}