{"cameraMode":{"drawMode":0,"name":"Shaded","section":"Shading Mode"},"sceneLighting":false,"audioPlay":false,"sceneViewState":{"m_AlwaysRefresh":false,"showFog":true,"showSkybox":false,"showFlares":true,"showImageEffects":true,"showParticleSystems":true,"showVisualEffectGraphs":true,"m_FxEnabled":true},"in2DMode":false,"pivot":{"x":-0.08801817893981934,"y":51.23695373535156,"z":-0.07791376113891602},"rotation":{"x":0.004870288074016571,"y":-0.9899782538414002,"z":0.1368841826915741,"w":0.035081807523965839},"size":2.471071481704712,"orthographic":false}