{"cameraMode":{"drawMode":0,"name":"Shaded","section":"Shading Mode"},"sceneLighting":false,"audioPlay":false,"sceneViewState":{"m_AlwaysRefresh":false,"showFog":true,"showSkybox":false,"showFlares":true,"showImageEffects":true,"showParticleSystems":true,"showVisualEffectGraphs":true,"m_FxEnabled":true},"in2DMode":false,"pivot":{"x":1.2196667194366456,"y":1.166179895401001,"z":0.031939804553985599},"rotation":{"x":0.0303109772503376,"y":-0.9519947171211243,"z":0.1003284901380539,"w":0.2876141667366028},"size":1.5312994718551636,"orthographic":false}