{"cameraMode":{"drawMode":0,"name":"Shaded","section":"Shading Mode"},"sceneLighting":false,"audioPlay":false,"sceneViewState":{"m_AlwaysRefresh":false,"showFog":true,"showSkybox":false,"showFlares":true,"showImageEffects":true,"showParticleSystems":true,"showVisualEffectGraphs":true,"m_FxEnabled":true},"in2DMode":false,"pivot":{"x":-1.6011003255844117,"y":0.3629809617996216,"z":-0.822982668876648},"rotation":{"x":-0.0028292059432715179,"y":-0.9698793292045593,"z":0.24352066218852998,"w":-0.011054104194045067},"size":2.4595119953155519,"orthographic":false}