{"cameraMode":{"drawMode":0,"name":"Shaded","section":"Shading Mode"},"sceneLighting":false,"audioPlay":false,"sceneViewState":{"m_AlwaysRefresh":false,"showFog":true,"showSkybox":false,"showFlares":true,"showImageEffects":true,"showParticleSystems":true,"showVisualEffectGraphs":true,"m_FxEnabled":true},"in2DMode":false,"pivot":{"x":0.025891900062561036,"y":0.398368239402771,"z":-0.029170989990234376},"rotation":{"x":0.06591027230024338,"y":-0.7416123747825623,"z":0.07365808635950089,"w":0.6635452508926392},"size":2.3493144512176515,"orthographic":false}