{"cameraMode":{"drawMode":0,"name":"Shaded","section":"Shading Mode"},"sceneLighting":false,"audioPlay":false,"sceneViewState":{"m_AlwaysRefresh":false,"showFog":true,"showSkybox":false,"showFlares":true,"showImageEffects":true,"showParticleSystems":true,"showVisualEffectGraphs":true,"m_FxEnabled":true},"in2DMode":false,"pivot":{"x":0.025200188159942628,"y":51.06700134277344,"z":-0.06020563840866089},"rotation":{"x":-0.06413380801677704,"y":0.9358707666397095,"z":-0.2439596801996231,"w":-0.24606086313724519},"size":0.9853680729866028,"orthographic":false}