{"cameraMode":{"drawMode":0,"name":"Shaded","section":"Shading Mode"},"sceneLighting":false,"audioPlay":false,"sceneViewState":{"m_AlwaysRefresh":false,"showFog":true,"showSkybox":false,"showFlares":true,"showImageEffects":true,"showParticleSystems":true,"showVisualEffectGraphs":true,"m_FxEnabled":true},"in2DMode":false,"pivot":{"x":0.028772592544555665,"y":50.983551025390628,"z":0.032492995262145999},"rotation":{"x":0.09445366263389588,"y":0.06714165955781937,"z":-0.00637758057564497,"w":0.9932520985603333},"size":1.5974488258361817,"orthographic":false}