{"cameraMode":{"drawMode":0,"name":"Shaded","section":"Shading Mode"},"sceneLighting":true,"audioPlay":false,"sceneViewState":{"m_AlwaysRefresh":false,"showFog":true,"showSkybox":false,"showFlares":true,"showImageEffects":true,"showParticleSystems":true,"showVisualEffectGraphs":true,"m_FxEnabled":true},"in2DMode":false,"pivot":{"x":0.11139282584190369,"y":0.043806686997413638,"z":0.14210385084152223},"rotation":{"x":0.14615817368030549,"y":0.8458028435707092,"z":-0.2939677834510803,"w":0.42052581906318667},"size":0.757046639919281,"orthographic":false}