{"cameraMode":{"drawMode":0,"name":"Shaded","section":"Shading Mode"},"sceneLighting":false,"audioPlay":false,"sceneViewState":{"m_AlwaysRefresh":false,"showFog":true,"showSkybox":false,"showFlares":true,"showImageEffects":true,"showParticleSystems":true,"showVisualEffectGraphs":true,"m_FxEnabled":true},"in2DMode":false,"pivot":{"x":-0.7208885550498962,"y":50.575801849365237,"z":0.40681836009025576},"rotation":{"x":-0.07507839798927307,"y":-0.3252742886543274,"z":0.025891294702887536,"w":-0.9422924518585205},"size":0.8090925216674805,"orthographic":true}