{"cameraMode":{"drawMode":0,"name":"Shaded","section":"Shading Mode"},"sceneLighting":false,"audioPlay":false,"sceneViewState":{"m_AlwaysRefresh":false,"showFog":true,"showSkybox":false,"showFlares":true,"showImageEffects":true,"showParticleSystems":true,"showVisualEffectGraphs":true,"m_FxEnabled":true},"in2DMode":false,"pivot":{"x":0.00029987096786499023,"y":500.833251953125,"z":0.05283746123313904},"rotation":{"x":0.10253876447677612,"y":0.2189594805240631,"z":-0.023135973140597345,"w":0.9700669050216675},"size":1.1776021718978882,"orthographic":false}