{"cameraMode":{"drawMode":0,"name":"Shaded","section":"Shading Mode"},"sceneLighting":false,"audioPlay":false,"sceneViewState":{"m_AlwaysRefresh":false,"showFog":false,"showSkybox":false,"showFlares":false,"showImageEffects":false,"showParticleSystems":false,"showVisualEffectGraphs":true,"m_FxEnabled":true},"in2DMode":false,"pivot":{"x":-0.0000017285346984863282,"y":0.9477812051773071,"z":-0.00039643049240112305},"rotation":{"x":0.03116762824356556,"y":0.14372645318508149,"z":-0.004529127385467291,"w":0.9891220331192017},"size":1.338573694229126,"orthographic":true}