{"cameraMode":{"drawMode":0,"name":"Shaded","section":"Shading Mode"},"sceneLighting":true,"audioPlay":false,"sceneViewState":{"m_AlwaysRefresh":false,"showFog":true,"showSkybox":false,"showFlares":true,"showImageEffects":true,"showParticleSystems":true,"showVisualEffectGraphs":true,"m_FxEnabled":true},"in2DMode":false,"pivot":{"x":-0.005702614784240723,"y":1.1575064659118653,"z":0.03520476818084717},"rotation":{"x":0.026630660519003869,"y":-0.9501855969429016,"z":0.08460429310798645,"w":0.2989215552806854},"size":0.9611080884933472,"orthographic":false}