{"cameraMode":{"drawMode":0,"name":"Shaded","section":"Shading Mode"},"sceneLighting":true,"audioPlay":false,"sceneViewState":{"m_AlwaysRefresh":false,"showFog":true,"showSkybox":false,"showFlares":true,"showImageEffects":true,"showParticleSystems":true,"showVisualEffectGraphs":true,"m_FxEnabled":true},"in2DMode":false,"pivot":{"x":0.17854580283164979,"y":500.7413024902344,"z":0.1604047417640686},"rotation":{"x":0.019544042646884919,"y":0.9725008606910706,"z":-0.08864660561084748,"w":0.214580237865448},"size":1.1525533199310303,"orthographic":false}