{"cameraMode":{"drawMode":0,"name":"Shaded","section":"Shading Mode"},"sceneLighting":false,"audioPlay":false,"sceneViewState":{"m_AlwaysRefresh":false,"showFog":true,"showSkybox":false,"showFlares":true,"showImageEffects":true,"showParticleSystems":true,"showVisualEffectGraphs":true,"m_FxEnabled":true},"in2DMode":false,"pivot":{"x":0.05015316605567932,"y":0.6816494464874268,"z":-0.047519803047180179},"rotation":{"x":0.050937727093696597,"y":-0.9456606507301331,"z":0.18237853050231934,"w":0.2644972503185272},"size":0.9616252183914185,"orthographic":false}