{"cameraMode":{"drawMode":0,"name":"Shaded","section":"Shading Mode"},"sceneLighting":false,"audioPlay":false,"sceneViewState":{"m_AlwaysRefresh":false,"showFog":true,"showSkybox":false,"showFlares":true,"showImageEffects":true,"showParticleSystems":true,"showVisualEffectGraphs":true,"m_FxEnabled":true},"in2DMode":false,"pivot":{"x":0.27224791049957278,"y":500.6314392089844,"z":0.004301309585571289},"rotation":{"x":0.12520001828670503,"y":0.32459190487861636,"z":-0.04340484365820885,"w":0.9365485310554504},"size":1.1277904510498047,"orthographic":false}