{"cameraMode":{"drawMode":0,"name":"Shaded","section":"Shading Mode"},"sceneLighting":true,"audioPlay":false,"sceneViewState":{"m_AlwaysRefresh":false,"showFog":true,"showSkybox":false,"showFlares":true,"showImageEffects":true,"showParticleSystems":true,"showVisualEffectGraphs":true,"m_FxEnabled":true},"in2DMode":false,"pivot":{"x":-0.0922519713640213,"y":0.20753151178359986,"z":-0.1374281942844391},"rotation":{"x":-0.05153127387166023,"y":0.5733678340911865,"z":-0.03616982698440552,"w":-0.8168755173683167},"size":0.7135178446769714,"orthographic":false}