{"cameraMode":{"drawMode":0,"name":"Shaded","section":"Shading Mode"},"sceneLighting":false,"audioPlay":false,"sceneViewState":{"m_AlwaysRefresh":false,"showFog":true,"showSkybox":false,"showFlares":true,"showImageEffects":true,"showParticleSystems":true,"showVisualEffectGraphs":true,"m_FxEnabled":true},"in2DMode":false,"pivot":{"x":-0.04975476861000061,"y":50.32817459106445,"z":0.02638724446296692},"rotation":{"x":-0.0013343726750463248,"y":-0.9860042333602905,"z":0.16661520302295686,"w":-0.007963227108120919},"size":0.6148777604103088,"orthographic":false}