{"cameraMode":{"drawMode":0,"name":"Shaded","section":"Shading Mode"},"sceneLighting":false,"audioPlay":false,"sceneViewState":{"m_AlwaysRefresh":false,"showFog":true,"showSkybox":false,"showFlares":true,"showImageEffects":true,"showParticleSystems":true,"showVisualEffectGraphs":true,"m_FxEnabled":true},"in2DMode":false,"pivot":{"x":0.1887378692626953,"y":52.814788818359378,"z":1.4522876739501954},"rotation":{"x":-0.0031943991780281069,"y":-0.9728065729141235,"z":0.013434581458568573,"w":-0.23125971853733064},"size":7.987253189086914,"orthographic":false}