{"cameraMode":{"drawMode":0,"name":"Shaded","section":"Shading Mode"},"sceneLighting":false,"audioPlay":false,"sceneViewState":{"m_AlwaysRefresh":false,"showFog":true,"showSkybox":false,"showFlares":true,"showImageEffects":true,"showParticleSystems":true,"showVisualEffectGraphs":true,"m_FxEnabled":false},"in2DMode":false,"pivot":{"x":0.1219748854637146,"y":52.20317077636719,"z":-0.050520073622465137},"rotation":{"x":0.001895371824502945,"y":-0.9947513341903687,"z":0.10332581400871277,"w":0.01777227409183979},"size":2.8619349002838136,"orthographic":false}