{"cameraMode":{"drawMode":0,"name":"Shaded","section":"Shading Mode"},"sceneLighting":false,"audioPlay":false,"sceneViewState":{"m_AlwaysRefresh":false,"showFog":true,"showSkybox":false,"showFlares":true,"showImageEffects":true,"showParticleSystems":true,"showVisualEffectGraphs":true,"m_FxEnabled":true},"in2DMode":false,"pivot":{"x":19.27557373046875,"y":52.37699890136719,"z":41.98973083496094},"rotation":{"x":-0.004006854258477688,"y":-0.9892727732658386,"z":0.14344792068004609,"w":-0.027614610269665719},"size":64.38385009765625,"orthographic":true}