{"cameraMode":{"drawMode":0,"name":"Shaded","section":"Shading Mode"},"sceneLighting":false,"audioPlay":false,"sceneViewState":{"m_AlwaysRefresh":false,"showFog":true,"showSkybox":false,"showFlares":true,"showImageEffects":true,"showParticleSystems":true,"showVisualEffectGraphs":true,"m_FxEnabled":true},"in2DMode":false,"pivot":{"x":-0.07756876945495606,"y":52.885223388671878,"z":-0.1410207748413086},"rotation":{"x":0.02082356996834278,"y":-0.9732908010482788,"z":0.09814689308404923,"w":0.20652732253074647},"size":4.1840620040893559,"orthographic":true}