{"cameraMode":{"drawMode":0,"name":"Shaded","section":"Shading Mode"},"sceneLighting":false,"audioPlay":false,"sceneViewState":{"m_AlwaysRefresh":false,"showFog":true,"showSkybox":false,"showFlares":true,"showImageEffects":true,"showParticleSystems":true,"showVisualEffectGraphs":true,"m_FxEnabled":true},"in2DMode":false,"pivot":{"x":-0.0000457763671875,"y":0.704876184463501,"z":-0.023744523525238038},"rotation":{"x":0.06603170931339264,"y":-0.9084367752075195,"z":0.15716801583766938,"w":0.38171935081481936},"size":0.9183973670005798,"orthographic":false}