{"cameraMode":{"drawMode":0,"name":"Shaded","section":"Shading Mode"},"sceneLighting":true,"audioPlay":false,"sceneViewState":{"m_AlwaysRefresh":false,"showFog":true,"showSkybox":false,"showFlares":true,"showImageEffects":true,"showParticleSystems":true,"showVisualEffectGraphs":true,"m_FxEnabled":true},"in2DMode":false,"pivot":{"x":0.16755318641662599,"y":0.438157320022583,"z":-0.35340309143066409},"rotation":{"x":-0.09002090245485306,"y":0.9081321954727173,"z":-0.24492962658405305,"w":-0.3274100422859192},"size":1.2944786548614503,"orthographic":false}