{"cameraMode":{"drawMode":0,"name":"Shaded","section":"Shading Mode"},"sceneLighting":false,"audioPlay":false,"sceneViewState":{"m_AlwaysRefresh":false,"showFog":true,"showSkybox":false,"showFlares":true,"showImageEffects":true,"showParticleSystems":true,"showVisualEffectGraphs":true,"m_FxEnabled":true},"in2DMode":false,"pivot":{"x":-0.0035894811153411867,"y":0.7639830708503723,"z":-0.17574022710323335},"rotation":{"x":0.11097559332847595,"y":-0.043222472071647647,"z":0.004837525077164173,"w":0.9928797483444214},"size":1.222920536994934,"orthographic":false}