{"cameraMode":{"drawMode":0,"name":"Shaded","section":"Shading Mode"},"sceneLighting":false,"audioPlay":false,"sceneViewState":{"m_AlwaysRefresh":false,"showFog":true,"showSkybox":false,"showFlares":true,"showImageEffects":true,"showParticleSystems":true,"showVisualEffectGraphs":true,"m_FxEnabled":true},"in2DMode":false,"pivot":{"x":24.551557540893556,"y":51.89500045776367,"z":36.812740325927737},"rotation":{"x":-0.0022551962174475195,"y":-0.975125789642334,"z":0.2216416299343109,"w":-0.009650273248553276},"size":4.46367073059082,"orthographic":false}