{"cameraMode":{"drawMode":0,"name":"Shaded","section":"Shading Mode"},"sceneLighting":true,"audioPlay":false,"sceneViewState":{"m_AlwaysRefresh":false,"showFog":true,"showSkybox":false,"showFlares":true,"showImageEffects":true,"showParticleSystems":true,"showVisualEffectGraphs":true,"m_FxEnabled":true},"in2DMode":false,"pivot":{"x":0.03668975830078125,"y":0.5509982109069824,"z":-0.06203126907348633},"rotation":{"x":0.036414094269275668,"y":-0.9551649689674377,"z":0.13265572488307954,"w":0.26218974590301516},"size":1.8985697031021119,"orthographic":false}