{"cameraMode":{"drawMode":0,"name":"Shaded","section":"Shading Mode"},"sceneLighting":false,"audioPlay":false,"sceneViewState":{"m_AlwaysRefresh":false,"showFog":true,"showSkybox":false,"showFlares":true,"showImageEffects":true,"showParticleSystems":true,"showVisualEffectGraphs":true,"m_FxEnabled":true},"in2DMode":false,"pivot":{"x":-0.014864206314086914,"y":0.05103039741516113,"z":-0.06923866271972656},"rotation":{"x":0.06649474799633026,"y":-0.916959285736084,"z":0.1725684106349945,"w":0.3536522686481476},"size":4.849742412567139,"orthographic":false}