{"cameraMode":{"drawMode":0,"name":"Shaded","section":"Shading Mode"},"sceneLighting":false,"audioPlay":false,"sceneViewState":{"m_AlwaysRefresh":false,"showFog":true,"showSkybox":false,"showFlares":true,"showImageEffects":true,"showParticleSystems":true,"showVisualEffectGraphs":true,"m_FxEnabled":true},"in2DMode":false,"pivot":{"x":-1.7229986190795899,"y":50.33509826660156,"z":-0.010551393032073975},"rotation":{"x":0.007322289980947971,"y":0.9856653213500977,"z":-0.16260777413845063,"w":0.0443849079310894},"size":1.304703950881958,"orthographic":true}