{"cameraMode":{"drawMode":0,"name":"Shaded","section":"Shading Mode"},"sceneLighting":false,"audioPlay":false,"sceneViewState":{"m_AlwaysRefresh":false,"showFog":true,"showSkybox":false,"showFlares":true,"showImageEffects":true,"showParticleSystems":true,"showVisualEffectGraphs":true,"m_FxEnabled":true},"in2DMode":false,"pivot":{"x":0.14866024255752564,"y":0.14083121716976167,"z":-0.03499412536621094},"rotation":{"x":0.34863635897636416,"y":-0.10564776510000229,"z":0.03966253250837326,"w":0.9304858446121216},"size":1.0557875633239747,"orthographic":false}