{"cameraMode":{"drawMode":0,"name":"Shaded","section":"Shading Mode"},"sceneLighting":false,"audioPlay":false,"sceneViewState":{"m_AlwaysRefresh":false,"showFog":true,"showSkybox":false,"showFlares":true,"showImageEffects":true,"showParticleSystems":true,"showVisualEffectGraphs":true,"m_FxEnabled":true},"in2DMode":false,"pivot":{"x":-0.03655719757080078,"y":0.5195167064666748,"z":5.960464477539063e-8},"rotation":{"x":-0.007911779917776585,"y":0.9901058077812195,"z":-0.12541769444942475,"w":-0.062459371984004977},"size":0.848095178604126,"orthographic":true}