{"cameraMode":{"drawMode":0,"name":"Shaded","section":"Shading Mode"},"sceneLighting":true,"audioPlay":false,"sceneViewState":{"m_AlwaysRefresh":false,"showFog":true,"showSkybox":false,"showFlares":true,"showImageEffects":true,"showParticleSystems":true,"showVisualEffectGraphs":true,"m_FxEnabled":true},"in2DMode":false,"pivot":{"x":-0.037000060081481937,"y":0.5565000772476196,"z":-0.6677473187446594},"rotation":{"x":0.28035613894462588,"y":-0.07276707887649536,"z":0.021327074617147447,"w":0.9569262266159058},"size":1.9319381713867188,"orthographic":false}