{"cameraMode":{"drawMode":0,"name":"Shaded","section":"Shading Mode"},"sceneLighting":false,"audioPlay":false,"sceneViewState":{"m_AlwaysRefresh":false,"showFog":true,"showSkybox":false,"showFlares":true,"showImageEffects":true,"showParticleSystems":true,"showVisualEffectGraphs":true,"m_FxEnabled":true},"in2DMode":false,"pivot":{"x":0.0287969708442688,"y":0.9031980037689209,"z":0.014308452606201172},"rotation":{"x":0.04451628401875496,"y":-0.95501309633255,"z":0.19100330770015717,"w":0.22252608835697175},"size":1.907165765762329,"orthographic":false}