{"cameraMode":{"drawMode":0,"name":"Shaded","section":"Shading Mode"},"sceneLighting":false,"audioPlay":false,"sceneViewState":{"m_AlwaysRefresh":false,"showFog":true,"showSkybox":false,"showFlares":true,"showImageEffects":true,"showParticleSystems":true,"showVisualEffectGraphs":true,"m_FxEnabled":false},"in2DMode":false,"pivot":{"x":-0.047147974371910098,"y":51.02545166015625,"z":-0.01546807587146759},"rotation":{"x":0.07269979268312454,"y":0.8883587121963501,"z":-0.15059331059455872,"w":0.4277839958667755},"size":0.33104798197746279,"orthographic":false}