{"cameraMode":{"drawMode":0,"name":"Shaded","section":"Shading Mode"},"sceneLighting":false,"audioPlay":false,"sceneViewState":{"m_AlwaysRefresh":false,"showFog":true,"showSkybox":false,"showFlares":true,"showImageEffects":true,"showParticleSystems":true,"showVisualEffectGraphs":true,"m_FxEnabled":true},"in2DMode":false,"pivot":{"x":0.9384450912475586,"y":47.470481872558597,"z":1.2237510681152344},"rotation":{"x":0.04825945571064949,"y":0.1307644546031952,"z":-0.006688207387924194,"w":0.9902211427688599},"size":25.06191635131836,"orthographic":false}