{"cameraMode":{"drawMode":0,"name":"Shaded","section":"Shading Mode"},"sceneLighting":false,"audioPlay":false,"sceneViewState":{"m_AlwaysRefresh":false,"showFog":true,"showSkybox":false,"showFlares":true,"showImageEffects":true,"showParticleSystems":true,"showVisualEffectGraphs":true,"m_FxEnabled":true},"in2DMode":false,"pivot":{"x":0.05799996852874756,"y":-0.09399999678134918,"z":1.8929932117462159},"rotation":{"x":0.00955124944448471,"y":-0.9868599772453308,"z":0.0637444332242012,"w":0.14823223650455476},"size":3.824781894683838,"orthographic":true}