{"cameraMode":{"drawMode":0,"name":"Shaded","section":"Shading Mode"},"sceneLighting":false,"audioPlay":false,"sceneViewState":{"m_AlwaysRefresh":false,"showFog":true,"showSkybox":false,"showFlares":true,"showImageEffects":true,"showParticleSystems":true,"showVisualEffectGraphs":true,"m_FxEnabled":true},"in2DMode":false,"pivot":{"x":0.0008620023727416992,"y":0.3324905037879944,"z":0.019998207688331605},"rotation":{"x":-0.08018282800912857,"y":0.827825129032135,"z":-0.12257452309131623,"w":-0.5415294170379639},"size":0.4171881079673767,"orthographic":false}