{"cameraMode":{"drawMode":0,"name":"Shaded","section":"Shading Mode"},"sceneLighting":true,"audioPlay":false,"sceneViewState":{"m_AlwaysRefresh":false,"showFog":true,"showSkybox":false,"showFlares":true,"showImageEffects":true,"showParticleSystems":true,"showVisualEffectGraphs":true,"m_FxEnabled":true},"in2DMode":false,"pivot":{"x":0.8593279123306274,"y":1.713894009590149,"z":0.7299897074699402},"rotation":{"x":-0.06265126913785935,"y":0.9330114722251892,"z":-0.19914773106575013,"w":-0.29322198033332827},"size":3.062774181365967,"orthographic":false}