{"cameraMode":{"drawMode":0,"name":"Shaded","section":"Shading Mode"},"sceneLighting":false,"audioPlay":false,"sceneViewState":{"m_AlwaysRefresh":false,"showFog":true,"showSkybox":false,"showFlares":true,"showImageEffects":true,"showParticleSystems":true,"showVisualEffectGraphs":true,"m_FxEnabled":true},"in2DMode":false,"pivot":{"x":0.01296339649707079,"y":0.041279811412096027,"z":0.15415222942829133},"rotation":{"x":-0.08368416875600815,"y":-0.6927597522735596,"z":0.08139251917600632,"w":-0.7117289304733276},"size":0.35462093353271487,"orthographic":false}