{"cameraMode":{"drawMode":0,"name":"Shaded","section":"Shading Mode"},"sceneLighting":false,"audioPlay":false,"sceneViewState":{"m_AlwaysRefresh":false,"showFog":true,"showSkybox":false,"showFlares":true,"showImageEffects":true,"showParticleSystems":true,"showVisualEffectGraphs":true,"m_FxEnabled":true},"in2DMode":false,"pivot":{"x":13.082987785339356,"y":2.4032363891601564,"z":10.28248119354248},"rotation":{"x":0.12054701149463654,"y":-0.040639881044626239,"z":0.004338305443525314,"w":0.992039680480957},"size":2.7059154510498049,"orthographic":false}