{"cameraMode":{"drawMode":0,"name":"Shaded","section":"Shading Mode"},"sceneLighting":false,"audioPlay":false,"sceneViewState":{"m_AlwaysRefresh":false,"showFog":true,"showSkybox":false,"showFlares":true,"showImageEffects":true,"showParticleSystems":true,"showVisualEffectGraphs":true,"m_FxEnabled":true},"in2DMode":false,"pivot":{"x":-0.07999986410140991,"y":0.556075930595398,"z":1.1920928955078126e-7},"rotation":{"x":-0.0034439086448401214,"y":-0.9965062737464905,"z":0.06436355412006378,"w":-0.05327090248465538},"size":1.2176191806793213,"orthographic":true}