{"cameraMode":{"drawMode":0,"name":"Shaded","section":"Shading Mode"},"sceneLighting":false,"audioPlay":false,"sceneViewState":{"m_AlwaysRefresh":false,"showFog":true,"showSkybox":false,"showFlares":true,"showImageEffects":true,"showParticleSystems":true,"showVisualEffectGraphs":true,"m_FxEnabled":true},"in2DMode":false,"pivot":{"x":-0.00018596649169921875,"y":52.00694274902344,"z":2.161284923553467},"rotation":{"x":0.0964781641960144,"y":-0.8846009373664856,"z":0.21089327335357667,"w":0.4047078788280487},"size":7.752338409423828,"orthographic":false}