{"cameraMode":{"drawMode":0,"name":"Shaded","section":"Shading Mode"},"sceneLighting":true,"audioPlay":false,"sceneViewState":{"m_AlwaysRefresh":false,"showFog":true,"showSkybox":false,"showFlares":true,"showImageEffects":true,"showParticleSystems":true,"showVisualEffectGraphs":true,"m_FxEnabled":true},"in2DMode":false,"pivot":{"x":-0.4562903046607971,"y":2.7576751708984377,"z":1.5176576375961304},"rotation":{"x":-0.03591981157660484,"y":0.38585466146469118,"z":-0.015192653983831406,"w":-0.9219462871551514},"size":3.1401495933532717,"orthographic":false}