{"cameraMode":{"drawMode":0,"name":"Shaded","section":"Shading Mode"},"sceneLighting":false,"audioPlay":false,"sceneViewState":{"m_AlwaysRefresh":false,"showFog":true,"showSkybox":false,"showFlares":true,"showImageEffects":true,"showParticleSystems":true,"showVisualEffectGraphs":true,"m_FxEnabled":true},"in2DMode":false,"pivot":{"x":-0.01518520712852478,"y":-0.08120719343423844,"z":-0.0698157250881195},"rotation":{"x":-0.03193201124668121,"y":-0.7454009056091309,"z":-0.035813674330711368,"w":0.6649259328842163},"size":2.2952396869659426,"orthographic":false}