{"cameraMode":{"drawMode":0,"name":"Shaded","section":"Shading Mode"},"sceneLighting":false,"audioPlay":false,"sceneViewState":{"m_AlwaysRefresh":false,"showFog":true,"showSkybox":false,"showFlares":true,"showImageEffects":true,"showParticleSystems":true,"showVisualEffectGraphs":true,"m_FxEnabled":true},"in2DMode":false,"pivot":{"x":-0.0028940439224243166,"y":50.04831314086914,"z":-0.023669302463531495},"rotation":{"x":0.14363813400268556,"y":-0.6420641541481018,"z":0.7428072690963745,"w":0.1242741048336029},"size":0.4486164450645447,"orthographic":false}