{"cameraMode":{"drawMode":0,"name":"Shaded","section":"Shading Mode"},"sceneLighting":false,"audioPlay":false,"sceneViewState":{"m_AlwaysRefresh":false,"showFog":true,"showSkybox":false,"showFlares":true,"showImageEffects":true,"showParticleSystems":true,"showVisualEffectGraphs":true,"m_FxEnabled":true},"in2DMode":false,"pivot":{"x":-0.024407565593719484,"y":0.551159679889679,"z":0.06886056065559387},"rotation":{"x":0.01358109712600708,"y":-0.9861528277397156,"z":0.10543252527713776,"w":0.12764331698417664},"size":1.3100953102111817,"orthographic":false}