{"cameraMode":{"drawMode":0,"name":"Shaded","section":"Shading Mode"},"sceneLighting":false,"audioPlay":false,"sceneViewState":{"m_AlwaysRefresh":false,"showFog":true,"showSkybox":false,"showFlares":true,"showImageEffects":true,"showParticleSystems":true,"showVisualEffectGraphs":true,"m_FxEnabled":true},"in2DMode":false,"pivot":{"x":-53.16600799560547,"y":16.025192260742189,"z":188.64080810546876},"rotation":{"x":-0.23505735397338868,"y":-0.12126648426055908,"z":0.030136005952954294,"w":-0.964004397392273},"size":36.333744049072269,"orthographic":false}