{"cameraMode":{"drawMode":0,"name":"Shaded","section":"Shading Mode"},"sceneLighting":false,"audioPlay":false,"sceneViewState":{"m_AlwaysRefresh":false,"showFog":false,"showSkybox":false,"showFlares":false,"showImageEffects":false,"showParticleSystems":false,"showVisualEffectGraphs":true,"m_FxEnabled":true},"in2DMode":false,"pivot":{"x":-0.0008424520492553711,"y":1.0408647060394288,"z":-0.011823832988739014},"rotation":{"x":0.007849433459341526,"y":0.9919614791870117,"z":-0.09852622449398041,"w":0.07902748882770539},"size":0.8551456332206726,"orthographic":true}