{"cameraMode":{"drawMode":0,"name":"Shaded","section":"Shading Mode"},"sceneLighting":true,"audioPlay":false,"sceneViewState":{"m_AlwaysRefresh":false,"showFog":true,"showSkybox":false,"showFlares":true,"showImageEffects":true,"showParticleSystems":true,"showVisualEffectGraphs":true,"m_FxEnabled":true},"in2DMode":false,"pivot":{"x":1.0002007484436036,"y":51.3120231628418,"z":-0.1715148687362671},"rotation":{"x":-0.0033163598272949459,"y":-0.9893112182617188,"z":-0.02285970188677311,"w":0.14375463128089906},"size":6.970422744750977,"orthographic":false}