{"cameraMode":{"drawMode":0,"name":"Shaded","section":"Shading Mode"},"sceneLighting":false,"audioPlay":false,"sceneViewState":{"m_AlwaysRefresh":false,"showFog":true,"showSkybox":false,"showFlares":true,"showImageEffects":true,"showParticleSystems":true,"showVisualEffectGraphs":true,"m_FxEnabled":true},"in2DMode":false,"pivot":{"x":0.05662068724632263,"y":0.44046786427497866,"z":-0.01499989628791809},"rotation":{"x":0.13851511478424073,"y":0.6077281832695007,"z":-0.10870557278394699,"w":0.7743825316429138},"size":0.4438789486885071,"orthographic":false}