{"cameraMode":{"drawMode":0,"name":"Shaded","section":"Shading Mode"},"sceneLighting":false,"audioPlay":false,"sceneViewState":{"m_AlwaysRefresh":false,"showFog":true,"showSkybox":false,"showFlares":true,"showImageEffects":true,"showParticleSystems":true,"showVisualEffectGraphs":true,"m_FxEnabled":true},"in2DMode":false,"pivot":{"x":-0.019459620118141176,"y":0.4523453116416931,"z":-0.09000173211097717},"rotation":{"x":-0.0536687858402729,"y":-0.6459835171699524,"z":-0.04562727361917496,"w":0.7601295113563538},"size":0.869537353515625,"orthographic":false}