{"cameraMode":{"drawMode":0,"name":"Shaded","section":"Shading Mode"},"sceneLighting":false,"audioPlay":false,"sceneViewState":{"m_AlwaysRefresh":false,"showFog":true,"showSkybox":false,"showFlares":true,"showImageEffects":true,"showParticleSystems":true,"showVisualEffectGraphs":true,"m_FxEnabled":true},"in2DMode":false,"pivot":{"x":0.0027764737606048586,"y":50.11693572998047,"z":-0.16180217266082765},"rotation":{"x":0.06120937690138817,"y":0.32619133591651919,"z":-0.021163800731301309,"w":0.9430917501449585},"size":2.5143444538116457,"orthographic":false}