{"cameraMode":{"drawMode":0,"name":"Shaded","section":"Shading Mode"},"sceneLighting":false,"audioPlay":false,"sceneViewState":{"m_AlwaysRefresh":false,"showFog":true,"showSkybox":false,"showFlares":true,"showImageEffects":true,"showParticleSystems":true,"showVisualEffectGraphs":true,"m_FxEnabled":true},"in2DMode":false,"pivot":{"x":-1.1920928955078126e-7,"y":0.6050000190734863,"z":-0.0033569931983947756},"rotation":{"x":-0.009797587990760804,"y":-0.8855835795402527,"z":-0.0185738243162632,"w":0.4641014039516449},"size":2.169964551925659,"orthographic":false}