{"cameraMode":{"drawMode":0,"name":"Shaded","section":"Shading Mode"},"sceneLighting":false,"audioPlay":false,"sceneViewState":{"m_AlwaysRefresh":false,"showFog":true,"showSkybox":false,"showFlares":true,"showImageEffects":true,"showParticleSystems":true,"showVisualEffectGraphs":true,"m_FxEnabled":true},"in2DMode":false,"pivot":{"x":0.0013505816459655762,"y":0.2627069354057312,"z":-0.025006741285324098},"rotation":{"x":-0.01675962284207344,"y":-0.6666416525840759,"z":-0.015008908696472645,"w":0.7450727820396423},"size":1.3507804870605469,"orthographic":false}