{"cameraMode":{"drawMode":0,"name":"Shaded","section":"Shading Mode"},"sceneLighting":false,"audioPlay":false,"sceneViewState":{"m_AlwaysRefresh":false,"showFog":true,"showSkybox":false,"showFlares":true,"showImageEffects":true,"showParticleSystems":true,"showVisualEffectGraphs":true,"m_FxEnabled":true},"in2DMode":false,"pivot":{"x":0.008711010217666626,"y":50.011478424072269,"z":-0.002147495746612549},"rotation":{"x":-0.28025344014167788,"y":-0.39012542366981509,"z":0.12595997750759126,"w":-0.8679884076118469},"size":0.4433445930480957,"orthographic":false}