{"cameraMode":{"drawMode":0,"name":"Shaded","section":"Shading Mode"},"sceneLighting":false,"audioPlay":false,"sceneViewState":{"m_AlwaysRefresh":false,"showFog":true,"showSkybox":false,"showFlares":true,"showImageEffects":true,"showParticleSystems":true,"showVisualEffectGraphs":true,"m_FxEnabled":true},"in2DMode":false,"pivot":{"x":0.05376148223876953,"y":50.33472442626953,"z":0.028003454208374025},"rotation":{"x":-0.07181114703416825,"y":0.9096462726593018,"z":-0.1771240085363388,"w":-0.3688206374645233},"size":1.2389311790466309,"orthographic":false}