{"cameraMode":{"drawMode":0,"name":"Shaded","section":"Shading Mode"},"sceneLighting":true,"audioPlay":false,"sceneViewState":{"m_AlwaysRefresh":false,"showFog":true,"showSkybox":false,"showFlares":true,"showImageEffects":true,"showParticleSystems":true,"showVisualEffectGraphs":true,"m_FxEnabled":true},"in2DMode":false,"pivot":{"x":0.014999999664723874,"y":2.003999948501587,"z":-0.003000000026077032},"rotation":{"x":0.29980406165122988,"y":0.11012954264879227,"z":0.0348765067756176,"w":-0.9470011591911316},"size":0.0009173281723633409,"orthographic":false}