{"cameraMode":{"drawMode":0,"name":"Shaded","section":"Shading Mode"},"sceneLighting":false,"audioPlay":false,"sceneViewState":{"m_AlwaysRefresh":false,"showFog":true,"showSkybox":false,"showFlares":true,"showImageEffects":true,"showParticleSystems":true,"showVisualEffectGraphs":true,"m_FxEnabled":true},"in2DMode":false,"pivot":{"x":-0.02894432842731476,"y":0.10846543312072754,"z":0.08744734525680542},"rotation":{"x":-0.5188159346580505,"y":-0.2184077501296997,"z":0.1390499621629715,"w":-0.8147886395454407},"size":0.2958492338657379,"orthographic":true}