{"cameraMode":{"drawMode":0,"name":"Shaded","section":"Shading Mode"},"sceneLighting":true,"audioPlay":false,"sceneViewState":{"m_AlwaysRefresh":false,"showFog":true,"showSkybox":false,"showFlares":true,"showImageEffects":true,"showParticleSystems":true,"showVisualEffectGraphs":true,"m_FxEnabled":true},"in2DMode":false,"pivot":{"x":0.00000762939453125,"y":1.68499755859375,"z":0.017000198364257814},"rotation":{"x":0.026630660519003869,"y":-0.9501855969429016,"z":0.08460429310798645,"w":0.2989215552806854},"size":5.773681640625,"orthographic":false}