{"cameraMode":{"drawMode":0,"name":"Shaded","section":"Shading Mode"},"sceneLighting":false,"audioPlay":false,"sceneViewState":{"m_AlwaysRefresh":false,"showFog":true,"showSkybox":false,"showFlares":true,"showImageEffects":true,"showParticleSystems":true,"showVisualEffectGraphs":true,"m_FxEnabled":true},"in2DMode":false,"pivot":{"x":0.06157428026199341,"y":0.6601877212524414,"z":0.23082807660102845},"rotation":{"x":0.11373725533485413,"y":-0.8368608355522156,"z":0.19024617969989777,"w":0.5006194710731506},"size":0.6148780584335327,"orthographic":false}