{"cameraMode":{"drawMode":0,"name":"Shaded","section":"Shading Mode"},"sceneLighting":false,"audioPlay":false,"sceneViewState":{"m_AlwaysRefresh":false,"showFog":true,"showSkybox":false,"showFlares":true,"showImageEffects":true,"showParticleSystems":true,"showVisualEffectGraphs":true,"m_FxEnabled":true},"in2DMode":false,"pivot":{"x":-0.07311439514160156,"y":1.0390334129333497,"z":1.1920928955078126e-7},"rotation":{"x":-0.004006854258477688,"y":-0.9892727732658386,"z":0.14344792068004609,"w":-0.027614610269665719},"size":1.696190357208252,"orthographic":true}