{"cameraMode":{"drawMode":0,"name":"Shaded","section":"Shading Mode"},"sceneLighting":false,"audioPlay":false,"sceneViewState":{"m_AlwaysRefresh":false,"showFog":true,"showSkybox":false,"showFlares":true,"showImageEffects":true,"showParticleSystems":true,"showVisualEffectGraphs":true,"m_FxEnabled":true},"in2DMode":false,"pivot":{"x":0.03351713344454765,"y":50.90178298950195,"z":-0.05527021735906601},"rotation":{"x":0.20311397314071656,"y":-0.3463327884674072,"z":0.07710716128349304,"w":0.9126272797584534},"size":1.3082550764083863,"orthographic":false}