{"cameraMode":{"drawMode":0,"name":"Shaded","section":"Shading Mode"},"sceneLighting":false,"audioPlay":false,"sceneViewState":{"m_AlwaysRefresh":false,"showFog":true,"showSkybox":false,"showFlares":true,"showImageEffects":true,"showParticleSystems":true,"showVisualEffectGraphs":true,"m_FxEnabled":true},"in2DMode":false,"pivot":{"x":-0.1703716367483139,"y":0.4337557852268219,"z":0.12975424528121949},"rotation":{"x":0.011084693484008313,"y":-0.9887000918388367,"z":0.08484789729118347,"w":0.12310163676738739},"size":0.8552547097206116,"orthographic":false}