{"cameraMode":{"drawMode":0,"name":"Shaded","section":"Shading Mode"},"sceneLighting":true,"audioPlay":false,"sceneViewState":{"m_AlwaysRefresh":false,"showFog":true,"showSkybox":false,"showFlares":true,"showImageEffects":true,"showParticleSystems":true,"showVisualEffectGraphs":true,"m_FxEnabled":true},"in2DMode":false,"pivot":{"x":-0.41819506883621218,"y":1.0404189825057984,"z":-0.5572789311408997},"rotation":{"x":-0.06806293874979019,"y":0.6192628741264343,"z":0.054013654589653018,"w":0.7803688645362854},"size":1.9590075016021729,"orthographic":false}