{"cameraMode":{"drawMode":0,"name":"Shaded","section":"Shading Mode"},"sceneLighting":false,"audioPlay":false,"sceneViewState":{"m_AlwaysRefresh":false,"showFog":true,"showSkybox":false,"showFlares":true,"showImageEffects":true,"showParticleSystems":true,"showVisualEffectGraphs":true,"m_FxEnabled":true},"in2DMode":false,"pivot":{"x":-0.12324362993240357,"y":1.3297719955444337,"z":0.2805808186531067},"rotation":{"x":0.004363679792732,"y":-0.9944486021995544,"z":0.046278782188892367,"w":0.09485053271055222},"size":1.1442664861679078,"orthographic":true}