{"cameraMode":{"drawMode":0,"name":"Shaded","section":"Shading Mode"},"sceneLighting":false,"audioPlay":false,"sceneViewState":{"m_AlwaysRefresh":false,"showFog":true,"showSkybox":false,"showFlares":true,"showImageEffects":true,"showParticleSystems":true,"showVisualEffectGraphs":true,"m_FxEnabled":true},"in2DMode":false,"pivot":{"x":0.06528916954994202,"y":49.91185760498047,"z":0.18496617674827577},"rotation":{"x":0.4289240837097168,"y":-0.35309934616088869,"z":0.18693554401397706,"w":0.8101939558982849},"size":0.4196198582649231,"orthographic":false}